artist,genre
Ted Nugent,hard rock
Damn Yankees (band),hard rock arena rock
Ramones,punk rock pop punk
Styx (band),progressive rock art rock hard rock arena rock pop rock
Pearl Jam,grunge
Pearl Jam,alternative rock
Pearl Jam,hard rock
Skid Row (American band),heavy metal hard rock glam metal
Pantera,groove metal thrash metal
Anthrax (American band),thrash metal groove metal
Frank Zappa,rock
Frank Zappa,progressive rock
Frank Zappa,blues
Frank Zappa,experimental
Frank Zappa,jazz
Frank Zappa,fusion
Frank Zappa,classical
Frank Zappa,pop
Frank Zappa,avant garde
Frank Zappa,doo wop
Frank Zappa,comedy
Frank Zappa,electronic
Frank Zappa,musique concrète
Stone Temple Pilots,alternative rock grunge alternative metal psychedelic rock
Nickelback,post grunge hard rock alternative metal pop rock
Mitch Ryder,rock and roll
Mitch Ryder,rhythm and blues
Mitch Ryder,blue eyed soul
Mitch Ryder,frat rock
Mitch Ryder,hard rock
Foreigner (band),hard rock
Foreigner (band),soft rock
Foreigner (band),arena rock
Bo Diddley,rock and roll
Bo Diddley,blues
Bo Diddley,psychedelic funk
Meat Loaf,rock hard rock
Kid Rock,rock hip hop country
Little Richard,rock and roll
Little Richard,rhythm and blues
Little Richard,gospel
Little Richard,soul
Motörhead,heavy metal hard rock speed metal
Paul McCartney,rock pop classical electronic
Jimi Hendrix,rock
Jimi Hendrix,psychedelia
Jimi Hendrix,blues
Jimi Hendrix,r and b
Chuck Berry,rock and roll rhythm and blues
Aerosmith,hard rock blues rock heavy metal
Harry Nilsson,rock pop
Ratt,glam metal heavy metal hard rock
Metallica,heavy metal thrash metal hard rock
Van Halen,hard rock heavy metal pop rock arena rock glam metal
Heart (band),rock hard rock folk rock pop rock
Godsmack,alternative metal hard rock nu metal
Thin Lizzy,hard rock blues rock heavy metal folk rock
Cheap Trick,rock hard rock power pop
The Black Crowes,southern rock
The Black Crowes,blues rock
The Black Crowes,hard rock
The Black Crowes,roots rock
The Black Crowes,jam band
Limp Bizkit,nu metal rap rock rap metal
Guns N' Roses,hard rock heavy metal
U2,rock alternative rock pop rock post punk
Alice Cooper,hard rock
Alice Cooper,shock rock
Alice Cooper,heavy metal
Warrant (American band),glam metal hard rock heavy metal
Kiss (band),hard rock heavy metal shock rock glam metal
Cinderella (band),glam metal hard rock
The Beatles,rock
The Beatles,pop
The Beatles,beat
The Beatles,psychedelia
Radiohead,art rock alternative rock electronica experimental rock
Run-DMC,hip hop
Run-DMC,rap rock
Train (band),rock alternative rock pop rock roots rock
Velvet Revolver,hard rock alternative metal
Staind,alternative metal hard rock
Mötley Crüe,heavy metal glam metal hard rock
New York Dolls,hard rock
New York Dolls,proto punk
New York Dolls,glam punk
Joan Jett,rock
Joan Jett,hard rock
Joan Jett,punk rock
Extreme (band),hard rock funk metal
Led Zeppelin,hard rock blues rock folk rock heavy metal
Nirvana (band),grunge alternative rock
Lenny Kravitz,rock funk soul
ZZ Top,blues rock
ZZ Top,hard rock
ZZ Top,boogie rock
ZZ Top,southern rock
Papa Roach,alternative rock nu metal rap metal
Tesla (band),hard rock
Tesla (band),blues rock
Tesla (band),glam metal
Boston (band),hard rock arena rock
Roxy Music,art rock
Roxy Music,glam rock
Roxy Music,pop rock
Roxy Music,sophisti pop
David Bowie,art rock glam rock pop electronic
Sex Pistols,punk rock
Duran Duran,pop rock synth pop new wave dance rock
Elton John,pop rock glam rock soft rock blues
The Rolling Stones,rock pop blues
Pink Floyd,progressive rock art rock psychedelic rock space rock experimental rock
Bryan Ferry,pop rock
Bryan Ferry,glam rock
Bryan Ferry,art rock
Bryan Ferry,sophisti pop
Elvis Presley,rock and roll pop rockabilly country gospel r and b soul blues
The Velvet Underground,art rock
The Velvet Underground,experimental rock
Franz Ferdinand (band),indie rock post punk revival art rock art punk
John Lennon,rock
John Lennon,pop
John Lennon,experimental
Echo & the Bunnymen,post punk
Echo & the Bunnymen,new wave
Echo & the Bunnymen,neo psychedelia
Talking Heads,new wave post punk avant funk art pop worldbeat
Bob Dylan,folk blues rock gospel country traditional pop
Eddie Cochran,rock and roll rockabilly country rhythm and blues
Simple Minds,post punk
Simple Minds,art rock
Simple Minds,arena rock
Simple Minds,synth pop
Depeche Mode,synth pop
Depeche Mode,electronic rock
Depeche Mode,new wave
Depeche Mode,alternative rock
Fun (band),indie pop indie rock pop rock
Paramore,pop punk emo pop rock power pop
Queen (band),rock pop
Panic! at the Disco,pop rock baroque pop electropop emo pop punk
Awolnation,alternative rock electronic rock electropop pop rock dance rock
311 (band),alternative rock rap rock reggae rock funk rock funk metal
Midnight Oil,alternative rock
Midnight Oil,hard rock
Midnight Oil,post punk
Midnight Oil,"new wavemerline, michael .. spectrum culture."
Red Hot Chili Peppers,funk rock alternative rock rap rock
Goo Goo Dolls,alternative rock
Goo Goo Dolls,pop rock
Goo Goo Dolls,punk rock
Fall Out Boy,pop punk pop rock emo
The Cars,new wave power pop pop rock synth rock
Incubus (band),alternative rock alternative metal funk metal nu metal
Scorpions (band),hard rock heavy metal
Rise Against,melodic hardcore
Rise Against,punk rock
Twenty One Pilots,alternative rock electropop alternative hip hop pop rap pop rock
Barenaked Ladies,alternative pop folk rock pop rock comedy rock
Dave Matthews Band,rock jam rock
Beastie Boys,hip hop rap rock alternative hip hop hardcore punk
Steely Dan,jazz rock yacht rock pop jazz fusion
Genesis (band),progressive rock art rock pop rock soft rock
Rush (band),progressive rock hard rock
Gin Blossoms,alternative rock jangle pop power pop country rock
Peter Gabriel,progressive rock
Peter Gabriel,art rock
Peter Gabriel,worldbeat
Peter Gabriel,progressive soul
Bryan Adams,rock
Bryan Adams,pop rock
Bryan Adams,soft rock
Bryan Adams,arena rock
Bryan Adams,heartland rock
Supertramp,progressive pop
Supertramp,progressive rock
Supertramp,soft rock
Supertramp,pop
The Mamas & the Papas,folk rock sunshine pop
The Beach Boys,rock pop surf psychedelia
Kenny Loggins,rock
Kenny Loggins,pop
Kenny Loggins,folk rock
Kenny Loggins,r and b
Kenny Loggins,soul
Kenny Loggins,soft rock
Kenny Loggins,rip it up
Kenny Loggins,allmusic
Foster the People,indie pop synth pop dance pop alternative rock indie rock
Florence and the Machine,indie rock
Florence and the Machine,indie pop
Florence and the Machine,chamber pop
Florence and the Machine,baroque pop
Florence and the Machine,art pop
Florence and the Machine,art rock
Florence and the Machine,neo soul
Florence and the Machine,folk
Fuel (band),alternative rock hard rock post grunge alternative metal
Everclear (band),alternative rock power pop pop rock punk rock
Puddle of Mudd,post grunge hard rock alternative rock
Saliva (band),nu metal post grunge alternative metal rap metal hard rock
Volbeat,heavy metal hard rock rockabilly psychobilly
Filter (band),industrial rock post grunge alternative rock industrial metal alternative metal
Shinedown,hard rock alternative metal alternative rock
Bullet for My Valentine,melodic metalcore thrash metal hard rock
Korn,nu metal alternative metal
Trivium (band),metalcore thrash metal heavy metal progressive metal
Seether,post grunge hard rock alternative rock nu metal
Lacuna Coil,gothic metal alternative metal
Iron Maiden,heavy metal
Judas Priest,heavy metal
Rob Zombie,industrial metal shock rock groove metal alternative metal hard rock nu metal
Dire Straits,roots rock blues rock pub rock
Sepultura,groove metal thrash metal alternative metal
Slayer,thrash metal
Bruce Springsteen,rock
Bruce Springsteen,heartland rock
Bruce Springsteen,folk
Bruce Springsteen,pop rock
Marilyn Manson (band),industrial rock industrial metal gothic rock alternative metal
Megadeth,thrash metal
Megadeth,speed metal
Megadeth,heavy metal
Bob Seger,rock
Bob Seger,heartland rock
Bob Seger,roots rock
Def Leppard,hard rock glam metal power pop
Killswitch Engage,melodic metalcore
Avenged Sevenfold,heavy metal
Deftones,alternative metal art rock shoegaze
Slipknot (band),nu metal alternative metal
Rage Against the Machine,rap metal rap rock funk metal alternative metal
Third Eye Blind,alternative rock pop rock power pop pop punk
Faith No More,alternative metal funk metal alternative rock experimental rock
Harry Chapin,folk rock
Harry Chapin,pop rock
Linkin Park,alternative rock nu metal alternative metal electronic rock pop rock
America (band),soft rock
America (band),folk rock
America (band),pop rock
America (band),country rock
The Who,rock hard rock proto punk
Three Dog Night,pop rock
Three Dog Night,soft rock
Three Dog Night,roots rock
Three Dog Night,funk rock
Three Dog Night,blue eyed soul
"Crosby, Stills, Nash & Young",folk rock
"Crosby, Stills, Nash & Young",soft rock
"Crosby, Stills, Nash & Young",folk pop
Toto (band),arena rock pop rock hard rock jazz fusion progressive rock
Eagles (band),rock
Eagles (band),country rock
Eagles (band),soft rock
Journey (band),arena rock hard rock progressive rock jazz rock
Jackson Browne,rock
Jackson Browne,folk rock
Jackson Browne,soft rock
Jackson Browne,pop rock
Jackson Browne,country rock
George Harrison,rock
George Harrison,pop
George Harrison,indian classical
Christopher Cross,rock pop soft rock yacht rock
John Mayall & the Bluesbreakers,british blues
John Mayall & the Bluesbreakers,blues rock
Cream (band),psychedelic rock blues rock acid rock hard rock jam rock
Fleetwood Mac,pop rock soft rock blues rock art pop
John Mayall,british blues blues rock jazz rock
Jefferson Starship,rock hard rock psychedelic rock progressive rock soft rock
Eric Clapton,rock blues
Deep Purple,hard rock
Deep Purple,heavy metal
Deep Purple,progressive rock
Whitesnake,hard rock blues rock glam metal
Great White,hard rock glam metal
Quiet Riot,heavy metal hard rock glam metal
Queensrÿche,progressive metal heavy metal
Alice in Chains,grunge alternative metal alternative rock sludge metal
Yes (band),progressive rock art rock symphonic rock pop rock
AC/DC,hard rock blues rock heavy metal
Ozzy Osbourne,heavy metal hard rock
Twisted Sister,heavy metal glam metal hard rock shock rock
System of a Down,alternative metal nu metal hard rock progressive metal
Black Sabbath,heavy metal
White Zombie (band),groove metal stoner rock dance rock industrial metal alternative metal noise rock
Bill Haley & His Comets,rock and roll
Bill Haley & His Comets,rockabilly
Bill Haley & His Comets,western swing
Bee Gees,disco pop soul rock soft rock
Queens of the Stone Age,alternative rock
Queens of the Stone Age,stoner rock
Queens of the Stone Age,desert rock
Queens of the Stone Age,alternative metal
Robert Plant,rock
Robert Plant,blues
Robert Plant,folk
Robert Plant,country
Robert Plant,hard rock
Robert Plant,heavy metal
Billy Joel,rock soft rock
Buddy Holly,rock and roll
Buddy Holly,rockabilly
Buddy Holly,pop
Buddy Holly,country
Jerry Lee Lewis,rock and roll rockabilly country gospel blues
Jack White,blues rock
Jack White,garage rock revival
Jack White,alternative rock
Jack White,punk blues
Jack White,experimental rock
Rod Stewart,rock pop blue eyed soul blues rock folk rock soft rock disco traditional pop
Sting (musician),pop
Sting (musician),new wave
Sting (musician),post punk
Sting (musician),soft rock
Elvis Costello,"rock pop new wave power pop punk rock pub rockcarr, roy. ""pub rock"" . nme. 29 october 1977."
Phil Collins,pop soft rock progressive rock art rock
The Go-Go's,new wave pop rock power pop post punk punk rock
Green Day,punk rock pop punk
The Bangles,pop rock
The Bangles,power pop
The Bangles,new wave
The Bangles,paisley underground
Billy Idol,new wave
Billy Idol,hard rock
Billy Idol,pop rock
Billy Idol,punk rock
The Police,new wave reggae rock pop rock
Blink-182,pop punk punk rock alternative rock
Nine Inch Nails,industrial rock industrial electronic rock industrial metal ambient
Blondie (band),new wave punk rock pop rock pop disco
Weezer,alternative rock power pop geek rock pop punk emo
AFI (band),punk rock gothic rock post hardcore emo hardcore punk
Death Cab for Cutie,indie rock alternative rock indie pop emo
John Mayer,rock pop blues
Jimmy Eat World,alternative rock emo pop punk power pop pop rock
Creed (band),post grunge hard rock alternative metal
No Doubt,ska punk pop rock alternative rock pop punk reggae
My Chemical Romance,alternative rock emo post hardcore
Foo Fighters,alternative rock post grunge
Avril Lavigne,pop punk alternative rock pop rock pop
Breaking Benjamin,hard rock post grunge alternative metal
The Everly Brothers,rock and roll rockabilly country rock country
Simon & Garfunkel,folk rock
Linda Ronstadt,country
Linda Ronstadt,rock
Linda Ronstadt,pop
Hall & Oates,pop rock blue eyed soul soft rock r and b
Neil Young,rock
Neil Young,folk rock
Neil Young,country rock
Beck,alternative rock folk rock psychedelia electronic alt country lo fi
Soundgarden,grunge heavy metal alternative metal
Creedence Clearwater Revival,swamp rock roots rock blues rock country rock southern rock
Iggy Pop,rock
Iggy Pop,punk rock
Iggy Pop,proto punk
Iggy Pop,hard rock
Iggy Pop,garage rock
Pixies (band),alternative rock
Pixies (band),indie rock
Pixies (band),noise pop
Pixies (band),punk rock
Pixies (band),surf rock
Sonic Youth,noise rock alternative rock experimental rock indie rock no wave
R.E.M.,alternative rock jangle pop folk rock college rock post punk
Silverchair,alternative rock grunge post grunge
The Doors,psychedelic rock
The Doors,acid rock
Tool (band),alternative metal
Tool (band),art rock
Tool (band),progressive metal
Tool (band),progressive rock
INXS,new wave pub rock dance rock funk rock alternative rock
The Offspring,punk rock skate punk alternative rock
Donovan,folk
Donovan,pop
Donovan,psychedelia
Donovan,rock
Jefferson Airplane,psychedelic rock acid rock folk rock
The Animals,blues rock
The Animals,r and b
The Animals,psychedelic rock
The Animals,progressive rock
The Animals,rock and roll
Herman's Hermits,beat
Herman's Hermits,pop rock
Herman's Hermits,bubblegumallmusic.com biography. retrieved 7 march 2011.
The Flaming Lips,neo psychedelia experimental rock alternative rock indie rock psychedelic rock
The Moody Blues,progressive rock
The Moody Blues,art rock
The Moody Blues,psychedelic rock
The Moody Blues,pop rock
The Zombies,rock
The Zombies,beat
The Zombies,baroque pop
The Zombies,r and byeah yeah yeah the story of modern pop by bob stanley · 2013
The Zombies,proto prog
Ringo Starr,rock
Ringo Starr,pop
Dropkick Murphys,celtic punk folk punk oi!
April Wine,hard rock
Jethro Tull (band),progressive rock folk rock blues rock
Loverboy,arena rock hard rock pop rock
Badfinger,rock power pop
Blue Öyster Cult,hard rock heavy metal occult rock psychedelic rock progressive rock acid rock
The Guess Who,hard rock
The Guess Who,psychedelic rock
The Guess Who,blues rock
The Guess Who,garage rock
Eddie Money,rock
Eddie Money,pop rock
Eddie Money,hard rock
Peter Frampton,rock
Uriah Heep (band),hard rock progressive rock heavy metal
Bachman–Turner Overdrive,rock
Bachman–Turner Overdrive,hard rock
Bachman–Turner Overdrive,boogie rock
Everlast,hip hop folk rock blues
Santana (band),latin rock
Santana (band),blues rock
Santana (band),psychedelic rock
Santana (band),acid rock
Santana (band),chicano rock
Santana (band),jazz fusion
Santana (band),yacht rock
Tom Petty,rock heartland rock country rock southern rock
Sheryl Crow,country rock pop folk blues heartland rock
The Pretenders,rock
The Pretenders,pop rock
The Pretenders,new wave
The Pretenders,alternative rock
Tom Petty and the Heartbreakers,rock heartland rock
Crowded House,pop rock
Crowded House,jangle pop
Crowded House,alternative rock
Hole (band),alternative rock
Hole (band),grunge
Hole (band),punk rock
Hole (band),noise rock
Hole (band),power pop
Janis Joplin,psychedelic rock
Janis Joplin,blues rock
Janis Joplin,soul
Janis Joplin,blues
Don Henley,rock
Don Henley,country rock
Don Henley,pop rock
Don Henley,hard rock
Don Henley,folk rock
Joe Walsh,hard rock
Joe Walsh,blues rock
Joe Walsh,pop rock
Joe Walsh,progressive rock
Joe Walsh,country rock
The Fray,alternative rock
The Fray,pop rock
The Fray,soft rock
The Fray,christian rock
Keane (band),"alternative rock rock ""piano driven rock quartet"" ""mainstream rock"" post britpopandy bennett, jon stratton , britpop and the english music tradition, ashgate publishing, p. 164. soft rock"
Coldplay,alternative rock pop rock pop
Counting Crows,alternative rock roots rock pop rock
Grand Funk Railroad,hard rock
Grand Funk Railroad,arena rock
Slade,glam rock
REO Speedwagon,arena rock
REO Speedwagon,pop rock
REO Speedwagon,hard rock
REO Speedwagon,aor
REO Speedwagon,blues rock
Chicago (band),rock soft rock pop rock jazz rock
38 Special (band),hard rock
38 Special (band),southern rock
38 Special (band),boogie rock
38 Special (band),blues rock
Status Quo (band),rock
Status Quo (band),boogie rock
Status Quo (band),hard rock
Status Quo (band),psychedelia
Pat Benatar,rock
Pat Benatar,hard rock
Pat Benatar,pop rock
Ambrosia (band),progressive rock soft rock jazz fusion blue eyed soul
The Alan Parsons Project,progressive rock
The Alan Parsons Project,art rock
The Alan Parsons Project,progressive pop
The Alan Parsons Project,soft rock
Edgar Winter,southern rock
Edgar Winter,pop
Edgar Winter,jazz fusion
Edgar Winter,blues rock
Edgar Winter,blue eyed soul
Edgar Winter,boogie rock
Marilyn Manson,industrial rock
Marilyn Manson,industrial metal
Marilyn Manson,gothic rock
Marilyn Manson,alternative metal
Marilyn Manson,shock rock
The Smashing Pumpkins,alternative rock
Jane's Addiction,alternative rock alternative metal funk metal psychedelic rock
Alanis Morissette,alternative rock electronica trip hop indie pop pop rock
P.O.D.,nu metal alternative metal christian metal hardcore punk
Chevelle (band),hard rock alternative metal alternative rock post grunge
Primus (band),alternative metal funk metal experimental rock progressive rock
Theory of a Deadman,post grunge hard rock alternative metal pop rock
Black Stone Cherry,hard rock
Black Stone Cherry,southern rock
Bush (British band),post grunge grunge alternative rock
Alter Bridge,hard rock heavy metal alternative metal progressive metal alternative rock post grunge
Hinder,post grunge hard rock
10 Years (band),alternative metal
10 Years (band),progressive metal
10 Years (band),post grunge
10 Years (band),nu metal
Little River Band,rock
Little River Band,aor
Little River Band,pop rock
Little River Band,soft rock
Glenn Frey,rock
Glenn Frey,pop rock
Glenn Frey,soft rock
Glenn Frey,country rock
Glenn Frey,hard rock
Cold Chisel,pub rock r and b hard rock rock and roll
Air Supply,soft rock
Air Supply,pop rock
Air Supply,pop
The Cure,gothic rock post punk new wave
Stone Sour,alternative metal post grunge alternative rock
The Clash,punk rock new wave reggae experimental rock
Mudvayne,progressive metal hard rock
Lamb of God (band),groove metal metalcore thrash metal
Fats Domino,rock and roll
Fats Domino,new orleans r and b
Fats Domino,boogie woogie
Fats Domino,blues
Icehouse (band),rock
Icehouse (band),new wave
Icehouse (band),synth pop
Muse (band),alternative rock progressive rock space rock hard rock art rock electronic rock
Interpol (band),indie rock
Interpol (band),post punk revival
Foals (band),indie rock alternative rock art rock dance punk
The Lumineers,indie folk
The Lumineers,folk rock
The Lumineers,americana
Mumford & Sons,folk rock
Mumford & Sons,alternative rock
Mumford & Sons,indie folk
Mumford & Sons,americana
Mumford & Sons,country
Mumford & Sons,bluegrass
Dashboard Confessional,emo alternative rock acoustic rock
The Used,emo screamo pop punk punk rock alternative rock
Good Charlotte,pop punk alternative rock emo pop rock
Three Days Grace,post grunge hard rock
Bring Me the Horizon,metalcore alternative metal alternative rock post hardcore electronic rock
Arctic Monkeys,indie rock garage rock lounge pop
Oasis (band),rock
Oasis (band),britpop
T. Rex (band),glam rock pop
Rammstein,industrial metal
Garbage (band),alternative rock electronic rock trip hop industrial rock
Adam Ant,new wave post punk alternative rock dance rock
Joy Division,post punk new wavemultiple sources : gothic rockmultiple sources :
Evanescence,alternative metal gothic metal gothic rock hard rock industrial rock symphonic metal nu metal
The Hollies,rock
The Hollies,pop
Manfred Mann Chapter Three,jazz rock
Traffic (band),progressive rock
Traffic (band),psychedelic rock
Traffic (band),jazz rock
Traffic (band),folk rock
Traffic (band),psychedelic pop
Steve Winwood,blue eyed soul r and b rock pop
The Jam,mod revival new wave punk rock power pop
The Kinks,rock
The Kinks,pop
Sixto Rodriguez,folk rock
Sixto Rodriguez,psychedelic folk
Sixto Rodriguez,psychedelic rock
Charlie Daniels,southern rock
Charlie Daniels,country rock
Charlie Daniels,progressive country
Charlie Daniels,bluegrass
Flyleaf (band),alternative rock post grunge hard rock alternative metal christian rock
Disturbed (band),heavy metal alternative metal nu metal
Steve Vai,instrumental rock hard rock heavy metal progressive metal
Imagine Dragons,pop rock electropop pop alternative rock
Arcade Fire,indie rock
Arcade Fire,art rock
Arcade Fire,dance rock
Arcade Fire,baroque pop
X Ambassadors,alternative rock
X Ambassadors,indie rock
X Ambassadors,indie pop
X Ambassadors,pop rock
X Ambassadors,alternative pop
Bread (band),soft rock
10cc,art rock
10cc,art pop
10cc,progressive pop
10cc,soft rock
10cc,pop rock
The Band,roots rock
The Band,americana
The Band,folk rock
The Band,country rock
The Yardbirds,blues rockthe following sources refer to the yardbirds as blues rock: psychedelic rockthe following sources refer to the yardbirds as psychedelic rock: r and bthe following sources refer to the yardbirds as rhythm and blues:
Van Morrison,blue eyed soul celtic rock r and b folk blues jazz country gospel christian
Manfred Mann,blues rock r and b pop beat psychedelia
Stevie Ray Vaughan,texas blues
Stevie Ray Vaughan,blues rock
Stevie Ray Vaughan,electric blues
Stevie Ray Vaughan,rock and roll
Skillet (band),christian rock alternative rock alternative metal post grunge nu metal
3 Doors Down,post grunge hard rock alternative rock
ABBA,pop disco pop rock europop
Bon Jovi,hard rock glam metal arena rock pop rock
Drowning Pool,alternative metal nu metal post grunge
Saving Abel,rock hard rock post grunge southern rock
Gary Glitter,glam rock
Gary Glitter,rock and roll
Gary Glitter,pop rock
Gary Glitter,hard rock
Gary Glitter,disco
The Sweet,glam rock
The Sweet,hard rock
The Sweet,power pop
The Sweet,bubblegum
Grateful Dead,rock
Finger Eleven,alternative rock alternative metal post grunge hard rock
Our Lady Peace,alternative rock post grunge
The Tragically Hip,alternative rock roots rock folk rock
Dio (band),heavy metal
Asia (band),progressive rock
Asia (band),aor
Asia (band),pop rock
Steppenwolf (band),psychedelic rock
Steppenwolf (band),blues rock
Steppenwolf (band),acid rock
Steppenwolf (band),hard rock
Steppenwolf (band),heavy metal
Steppenwolf (band),garage rock
Manfred Mann's Earth Band,progressive rock
Manfred Mann's Earth Band,hard rock
Manfred Mann's Earth Band,jazz rock
Ghost (Swedish band),hard rock heavy metal arena rock pop rock
Accept (band),heavy metal
Bloodhound Gang,alternative rock comedy rock rap rock pop punk
John Mellencamp,heartland rock roots rock folk rock
The Byrds,folk rock
The Byrds,psychedelia
The Byrds,raga rock
The Byrds,country rock
The Byrds,jangle pop
Traveling Wilburys,rock
Dan Fogelberg,rock
Dan Fogelberg,country
Dan Fogelberg,folk
Dan Fogelberg,folk rock
Dan Fogelberg,soft rock
Dan Fogelberg,pop rock
Dan Fogelberg,pop
"Emerson, Lake & Palmer",progressive rock art rock
Jeff Buckley,alternative rock
Jeff Buckley,folk rock
Jeff Buckley,blues
Living Colour,hard rockthe following sources refer to living colour as hard rock: funk metalthe following sources refer to living colour as funk metal: alternative metalthe following sources refer to living colour as alternative metal:
Faces (band),rock
Faces (band),blues
The Cardigans,alternative rock pop rock indie rock indie pop
Men at Work,new wave
Men at Work,pop rock
Men at Work,reggae rock
The Cab,alternative rock pop punk power pop pop
Boys Like Girls,pop rock
Boys Like Girls,pop punk
Boys Like Girls,emo pop
Boys Like Girls,the daily aztec
Boys Like Girls,mtv
Boys Like Girls,alternative rock
Boys Like Girls,sony
Simple Plan,pop punk alternative rock pop rock power pop emo
Sum 41,pop punk skate punk alternative metal melodic hardcore
Five for Fighting,soft rock
Five for Fighting,heartland rock
Five for Fighting,alternative rock
Five for Fighting,pop rock
Five for Fighting,americana
The Fixx,new wave
The Fixx,pop rock
The Fixx,art rock
The Fixx,dance rock
Chubby Checker,rock and roll
Rainbow (rock band),hard rock
Rainbow (rock band),heavy metal
Survivor (band),rock
Survivor (band),arena rock
Survivor (band),hard rock
Bad Company,hard rock blues rock
Europe (band),arena rock hard rock glam metal blues rock heavy metal
Joe Satriani,instrumental rock hard rock blues rock
Kansas (band),progressive rock art rock hard rock
Halestorm,hard rock heavy metal alternative metal
A Perfect Circle,alternative rock hard rock
The Pretty Reckless,hard rock alternative rock blues rock
Lou Reed,rock
Lou Reed,art rock
Lou Reed,proto punk
Lou Reed,glam rock
Paul McCartney and Wings,soft rock
Small Faces,rock r and b beatsmall faces allmusic retrieved 26 march 2024 pop psychedelia proto punk progressive pop
Cage the Elephant,alternative rock indie rock psychedelic rock garage rock punk blues post punk
The Black Keys,garage rock blues rock indie rock
Cake (band),alternative rock
Cake (band),country
Cake (band),indie rock
Cake (band),funk rock
Morrissey,alternative rock
Morrissey,indie pop
Morrissey,indie rock
Morrissey,jangle pop
Chris Cornell,alternative metal
Chris Cornell,heavy metal
Chris Cornell,grunge
Chris Cornell,alternative rock
Chris Cornell,hard rock
Smash Mouth,alternative rock power pop pop rock ska punk
Thirty Seconds to Mars,alternative rock
Royal Blood (band),hard rock blues rock garage rock stoner rock alternative rock
Montgomery Gentry,country
Montgomery Gentry,southern rock
Montgomery Gentry,country rock
The Allman Brothers Band,southern rock
The Allman Brothers Band,blues rock
The Allman Brothers Band,jam band
Lynyrd Skynyrd,southern rock
Lynyrd Skynyrd,blues rock
Lynyrd Skynyrd,country rock
Lynyrd Skynyrd,hard rock
The Script,pop rock
The Script,soft rock
The Script,indie rock
Snow Patrol,alternative rock power pop post britpop indie rock
Mike and the Mechanics,rock pop rock
Parliament (band),funk
Parliament (band),r and b
Parliament (band),psychedelic soul
Funkadelic,funk rock
Funkadelic,psychedelic funk
Funkadelic,acid rock
Funkadelic,psychedelic rock
Parliament-Funkadelic,funk
Parliament-Funkadelic,psychedelic funk
Parliament-Funkadelic,funk rock
Parliament-Funkadelic,jet
Parliament-Funkadelic,google books
Parliament-Funkadelic,acid rock
Parliament-Funkadelic,progressive soul
Parliament-Funkadelic,the new york times
George Thorogood,blues rock hard rock boogie rock rock and roll
Electric Light Orchestra,progressive pop
Electric Light Orchestra,progressive rock
Electric Light Orchestra,orchestral popthe following references cite the band as either orchestral pop or symphonic pop:
Electric Light Orchestra,art rock
Roy Orbison,rock
Roy Orbison,pop
Roy Orbison,country
Roy Orbison,rock and roll
Roy Orbison,rockabilly
Pop Evil,hard rock alternative metal post grunge
Five Finger Death Punch,groove metal alternative metal
Daughtry (band),post grunge hard rock
John Fogerty,roots rock rock and roll country rock blues rock americana southern rock
The Cult,hard rock
The Cult,gothic rock
The Cult,alternative rock
The Cult,heavy metal
The Cult,post punk
The Strokes,indie rock garage rock revival post punk revival new wave
The Smiths,indie pop
The Smiths,indie rock
The Smiths,jangle pop
The Smiths,alternative rock
The Cranberries,alternative rock indie rock pop rock jangle pop post punk dream pop
Modest Mouse,indie rock alternative rock post punk revival punk rock synthpop emo
Blur (band),britpop indie rock alternative rock art pop
Sam Fender,rock indie rock pop rock heartland rock
The Killers,alternative rock pop rock new wave heartland rock
Kings of Leon,alternative rock
Kings of Leon,southern rock
Kings of Leon,indie rock
Kings of Leon,garage rock revival
Tracy Chapman,folk
Tracy Chapman,blues rock
Tracy Chapman,pop
Tracy Chapman,soul
James Taylor,soft rock
James Taylor,folk
The All-American Rejects,power pop alternative rock pop rock emo pop
Hoobastank,alternative rock post grunge funk metal ska punk
Live (band),alternative rock post grunge hard rock
Alice Cooper (band),hard rock
Alice Cooper (band),glam rock
Alice Cooper (band),shock rock
Alice Cooper (band),psychedelic rock
Audioslave,hard rock alternative metal
Bowling for Soup,pop punk pop rock power pop
Blues Traveler,blues rock folk rock alternative rock southern rock jam band
The Big Bopper,rock and roll
The Big Bopper,rockabilly
The Big Bopper,country
Ritchie Valens,rock and roll chicano rock
Joe Cocker,rock
Joe Cocker,blues
Joe Cocker,blue eyed soul
Joe Cocker,pop
Thousand Foot Krutch,christian rock christian metal heavy metal hard rock alternative rock rap metal
Matchbox Twenty,alternative rock post grunge
Lifehouse (band),alternative rock
Lifehouse (band),post grunge
Lifehouse (band),pop rock
Steve Miller Band,blues rock
Steve Miller Band,psychedelic rock
Steve Miller Band,pop rock
The White Stripes,garage rock
The White Stripes,blues rock
The White Stripes,alternative rock
The White Stripes,punk blues
The White Stripes,indie rock
Gene Vincent,rockabilly
Gene Vincent,rock and roll
Gene Vincent,country
Travis (band),post britpop pop rock alternative rock
Bay City Rollers,pop
Bay City Rollers,glam rock
Bay City Rollers,pop rock
The Four Seasons (band),"pop rock pop soulthe following sources cite the four seasons as either white soul, blue eyed soul, pop soul, or northern soul: doo wop rock and roll"
Starset,alternative rock electronic rock alternative metal progressive rock
X (American band),punk rock
X (American band),alternative rock
Huey Lewis and the News,rock
Huey Lewis and the News,new wave
Huey Lewis and the News,rhythm and blues
Huey Lewis and the News,doo wop
Billy Squier,hard rock arena rock pop rock power pop
Billy Talent,punk rock alternative rock pop punk
Melissa Etheridge,heartland rock
Melissa Etheridge,roots rock
Melissa Etheridge,folk rock
Melissa Etheridge,blues rock
Melissa Etheridge,country rock
W.A.S.P. (band),heavy metal
W.A.S.P. (band),glam metal
The Mothers of Invention,jazz rock
The Mothers of Invention,experimental rock
The Mothers of Invention,progressive rock
The Mothers of Invention,comedy rock
The Mothers of Invention,blues rock
The Mothers of Invention,avant garde
The Mothers of Invention,doo wop
The Mothers of Invention,art rock
The Monkees,pop rock rock bubblegum psychedelia
Canned Heat,blues rock
Canned Heat,boogie rock
Buckcherry,hard rock alternative metal sleaze rock
Sly and the Family Stone,psychedelic soul funk rock progressive soul
The Boxtones,rock
Kaiser Chiefs,indie rock
Kaiser Chiefs,pop rock
Kaiser Chiefs,post punk revival
Kaiser Chiefs,art punk
Kaiser Chiefs,power pop
Kaiser Chiefs,pop punk
Kaiser Chiefs,alternative rock
Golden Earring,hard rock
Golden Earring,blues rock
Golden Earring,jazz rock
Golden Earring,psychedelic rock
Golden Earring,garage rock
Highly Suspect,alternative rock hard rock grunge garage rock
The Marshall Tucker Band,southern rock
The Marshall Tucker Band,country rock
The Marshall Tucker Band,progressive country
The Marshall Tucker Band,blues rock
The Marshall Tucker Band,jazz rock
Ten Years After,blues rock
Starship (band),rock
Starship (band),arena rock
Starship (band),pop rock
Manfred Mann (musician),beat blues rock r and b psychedelia jazz rock progressive rock hard rock
Hootie & the Blowfish,pop rock alternative rock soft rock roots rock heartland rock jangle pop
Social Distortion,punk rock cowpunk hardcore punk
Sublime (band),ska punk
Sublime (band),reggae rock
Sublime with Rome,reggae rock alternative rock hip hop dub ska punk punk rock
The J. Geils Band,rock
The J. Geils Band,blues rock
The J. Geils Band,new wave
UB40,reggae
UB40,dub
The Lovin' Spoonful,pop
The Lovin' Spoonful,rock
Michael Martin Murphey,progressive country
Michael Martin Murphey,western/cowboy
Michael Martin Murphey,bluegrass
Shakin' Stevens,rockabilly rock and roll
James Blunt,pop rock
James Blunt,folk rock
James Blunt,folk pop
James Blunt,soft rock
The Doobie Brothers,rock
The Doobie Brothers,soft rock
The Doobie Brothers,pop
The Doobie Brothers,blue eyed soul
Tenacious D,comedy rock
Tenacious D,acoustic rock
Tenacious D,hard rock
Tenacious D,heavy metal
Days of the New,post grunge alternative rock acoustic
Coheed and Cambria,progressive rock emo progressive metal
Black Veil Brides,hard rock alternative metal
Tommy James and the Shondells,rock
Tommy James and the Shondells,bubblegum
Tommy James and the Shondells,psychedelic
Duane Eddy,instrumental rock
Duane Eddy,rockabilly
Duane Eddy,rock and roll
Duane Eddy,country
Flogging Molly,celtic punk
Flogging Molly,folk punk
The Jesus and Mary Chain,noise pop alternative rock indie rock post punk
Kaleo (band),blues rock
Kaleo (band),indie folk
Kaleo (band),alternative rock
Ian Dury,new wave
Ian Dury,punk rock
Ian Dury,post punk
Ian Dury,funk
Ian Dury,disco
Ian Dury,pub rock
Jim Croce,folk
Jim Croce,soft rock
Collective Soul,alternative rock
Collective Soul,hard rock
Collective Soul,post grunge
Collective Soul,allmusic
FireHouse,glam metal hard rock
Smokie (band),pop rock
Smokie (band),soft rock
Smokie (band),glam rock
Smokie (band),allmusic
Catfish and the Bottlemen,alternative rock indie rock post punk revival
Crash Test Dummies,alternative rock
Crash Test Dummies,folk rock
The Outfield,pop rock power pop new wave
The Dave Clark Five,rock and roll
The Dave Clark Five,beat
The Dave Clark Five,pop
Vampire Weekend,indie rock indie pop worldbeat
The Stone Roses,madchester
The Stone Roses,indie rock
The Stone Roses,alternative rock
The Stone Roses,dance rock
The Stone Roses,neo psychedelia
Chris Rea,pop rock soft rock electric blues blues rock
Chris de Burgh,art rock pop soft rock
Greta Van Fleet,hard rock blues rock progressive rock
The Verve,neo psychedelia alternative rock britpop shoegaze
The Hives,garage rock revival
The Hives,garage punk
Ben Folds Five,alternative rock power pop
The Presidents of the United States of America (band),alternative rock pop punk post grunge
Blue October,alternative rock
Blue October,art rock
Blue October,post grunge
Blue October,new wave
Blue October,synth pop
Blue October,shoegaze
England Dan & John Ford Coley,pop rock
England Dan & John Ford Coley,soft rock
England Dan & John Ford Coley,country rock
